mfcc_0,mfcc_1,mfcc_2,mfcc_3,mfcc_4,mfcc_5,mfcc_6,mfcc_7,mfcc_8,mfcc_9,mfcc_10,mfcc_11,mfcc_12,chroma_0,chroma_1,chroma_2,chroma_3,chroma_4,chroma_5,chroma_6,chroma_7,chroma_8,chroma_9,chroma_10,chroma_11,spectral_contrast_0,spectral_contrast_1,spectral_contrast_2,spectral_contrast_3,spectral_contrast_4,spectral_contrast_5,spectral_contrast_6,tempo,harmonic_mean,file_name
-122.71393585205078,117.76007843017578,-42.33417510986328,38.06100082397461,-23.01232147216797,23.920379638671875,-11.944863319396973,13.687288284301758,-7.294580936431885,4.041141033172607,-4.856603622436523,-1.6612424850463867,-6.306095123291016,0.7232673168182373,0.5352433919906616,0.40912875533103943,0.3805103600025177,0.333038866519928,0.27109241485595703,0.2877436876296997,0.42596524953842163,0.40492013096809387,0.3873552680015564,0.41114336252212524,0.520614504814148,12.884604687966428,12.441959273397472,15.364519942045222,17.250899893834173,17.091064681380935,17.318308160257452,56.75006725779802,166.70866935483872,0.00021719503274653107,000002.mp3
-162.232421875,131.4359893798828,-18.42677879333496,51.631370544433594,-15.444844245910645,23.86009407043457,-7.867663383483887,10.686233520507812,-0.3145913779735565,12.864645957946777,-9.88320541381836,0.06410431861877441,0.7662270665168762,0.5378774404525757,0.6431668400764465,0.49598458409309387,0.4239203929901123,0.3898996114730835,0.3759896457195282,0.3890281319618225,0.4133763909339905,0.4679791331291199,0.4893740713596344,0.5386372804641724,0.537747859954834,12.776689816602337,10.996339507042446,15.68855953318302,18.27873263821787,16.73799695350235,16.445631391977955,56.753099284175846,99.38401442307692,-0.00011331596761010587,000005.mp3
-75.63153839111328,154.53761291503906,-63.8494873046875,22.506425857543945,2.425358533859253,10.459980964660645,-13.007331848144531,9.818939208984375,-7.640783786773682,3.136315107345581,-5.86531925201416,0.5613074898719788,-8.277448654174805,0.30940142273902893,0.6598893404006958,0.4148476719856262,0.3561824858188629,0.28841426968574524,0.35581380128860474,0.6786949634552002,0.4118865430355072,0.3941551446914673,0.3443601727485657,0.5869569778442383,0.36426472663879395,17.559266927166703,10.42062285836955,14.41058400826251,16.34785855706719,16.53539981265024,19.80210379690152,50.88940295166747,112.34714673913044,2.6692023311625235e-06,000010.mp3
-322.99786376953125,133.68490600585938,15.497437477111816,54.755615234375,8.71821117401123,37.02274703979492,-2.116410732269287,15.265619277954102,6.175476551055908,-2.5992047786712646,8.866509437561035,-2.254429817199707,2.858140230178833,0.38349926471710205,0.4287359416484833,0.5188303589820862,0.5309499502182007,0.5612092614173889,0.5504464507102966,0.4372377097606659,0.4002062976360321,0.3916703164577484,0.41028067469596863,0.4032817780971527,0.39423996210098267,14.918958307236709,14.272299203739959,15.320701272196905,16.695084604326194,16.814865314551298,17.860008964053005,56.210236089677444,107.666015625,4.22821858592215e-06,000140.mp3
-253.31455993652344,157.76937866210938,-6.081676483154297,26.920167922973633,6.813841819763184,15.84227180480957,-12.93004035949707,10.373276710510254,-0.6099450588226318,-8.300909042358398,8.038183212280273,-5.565890312194824,2.915330410003662,0.2205684334039688,0.20335407555103302,0.2678259313106537,0.24420882761478424,0.32911476492881775,0.4231625199317932,0.33259662985801697,0.3234196901321411,0.3512338399887085,0.5203031301498413,0.5777216553688049,0.3027578890323639,17.687044129101285,13.96869308289728,19.41655078840627,20.232000445040807,17.919265043775415,22.809920467299055,53.55013731219571,103.359375,-4.5331853470997885e-06,000141.mp3
-57.1789436340332,179.2371826171875,-41.14863586425781,28.59545135498047,5.272157669067383,26.49211883544922,-1.0861631631851196,7.408970355987549,4.0668559074401855,8.892404556274414,0.05879335477948189,6.221765041351318,1.2079646587371826,0.31015127897262573,0.30929872393608093,0.3074076175689697,0.412442684173584,0.32842954993247986,0.3642365038394928,0.5027819275856018,0.4219377338886261,0.4435025751590729,0.4936426877975464,0.35373738408088684,0.29791370034217834,14.383658499577336,10.487149368245705,12.048406457578059,14.403863327422684,19.315831433168036,18.77209201007453,48.204619490955935,129.19921875,-0.002498890506103635,000148.mp3
-109.9760513305664,219.88870239257812,-82.27582550048828,31.65607452392578,1.783298373222351,-22.88237953186035,25.862375259399414,2.6240267753601074,2.4918432235717773,14.979512214660645,7.6762285232543945,5.321057319641113,10.860849380493164,0.333315908908844,0.3343467116355896,0.3841512203216553,0.5101203322410583,0.3809506297111511,0.5073456168174744,0.4105783700942993,0.4575355350971222,0.3717633783817291,0.3390709161758423,0.4829420745372772,0.32170215249061584,16.02303250400791,12.801599783088928,15.14754641871726,16.98623493009879,16.40053937001042,18.525844640005655,45.96685108168089,147.65625,-1.2545290246634977e-06,000182.mp3
-183.45797729492188,153.60577392578125,-36.40665054321289,26.382322311401367,-1.2991024255752563,2.8624889850616455,-11.369697570800781,-13.557304382324219,-10.533710479736328,-11.016888618469238,-12.62333869934082,-7.3969035148620605,-10.581031799316406,0.2679859697818756,0.2133534997701645,0.2856762707233429,0.2759568393230438,0.41665616631507874,0.37197887897491455,0.3304666578769684,0.3319891095161438,0.31951385736465454,0.36039575934410095,0.23418539762496948,0.2446092814207077,21.791871786308292,14.666517118241638,20.47461289209677,22.48112736373265,22.15384248688295,23.28183855808474,39.62496309501642,101.33272058823529,3.6246988202037755e-06,000190.mp3
-251.35360717773438,185.02835083007812,-41.53622817993164,27.352703094482422,4.4926581382751465,-2.6957948207855225,-1.2342027425765991,-5.7571306228637695,-6.797386169433594,-6.488481044769287,-9.528711318969727,-6.559794902801514,-7.802548885345459,0.4027259051799774,0.49368590116500854,0.5078830122947693,0.5752029418945312,0.5599957704544067,0.46597421169281006,0.4163370132446289,0.3141847550868988,0.3784407079219818,0.3862835764884949,0.37180978059768677,0.36622583866119385,24.62655824747997,10.889951663385716,19.098049727738506,21.854941613519866,21.23039894104093,23.164003147112027,42.946427321170425,99.38401442307692,2.6539064492681064e-06,000193.mp3
-235.69320678710938,181.25230407714844,-38.29292678833008,26.09352684020996,1.250767469406128,0.9175072908401489,-2.6399736404418945,-6.730435371398926,-3.3668105602264404,-8.183656692504883,-9.518034934997559,-6.756956577301025,-7.965972423553467,0.3729744255542755,0.36379820108413696,0.40757477283477783,0.36828869581222534,0.4675646722316742,0.45366981625556946,0.3346363604068756,0.324790358543396,0.38065484166145325,0.4860988259315491,0.3754937946796417,0.38228675723075867,24.409851203798574,13.689689656282324,19.13141465457855,20.889611745089322,21.450885085103014,23.93057622242146,47.0041876551704,101.33272058823529,-1.8270711734658107e-06,000194.mp3
-330.43475341796875,158.03884887695312,1.4201877117156982,4.751709461212158,9.747271537780762,-2.4701335430145264,-5.275247573852539,-6.036073684692383,-4.697323322296143,-6.0592217445373535,-6.698337554931641,-5.671923637390137,-5.9007415771484375,0.5542004108428955,0.43000495433807373,0.47055721282958984,0.40816327929496765,0.4434932768344879,0.451099693775177,0.27301809191703796,0.21379126608371735,0.2104877084493637,0.3043448328971863,0.28447452187538147,0.437160462141037,20.312092832987762,13.101873977551735,17.219273065433267,21.308552436283687,22.471443197744264,24.297527139805158,34.3704655208014,117.45383522727273,8.628965588286519e-06,000197.mp3
-173.463134765625,164.03672790527344,-45.321022033691406,30.774959564208984,9.586881637573242,-2.9948618412017822,-4.837157249450684,-6.010944366455078,-6.0690460205078125,-4.78267240524292,-5.623574733734131,-7.775160789489746,-10.80013656616211,0.47146764397621155,0.45698949694633484,0.5560021996498108,0.4966926574707031,0.5067374110221863,0.4674583375453949,0.42618098855018616,0.4560728967189789,0.34839388728141785,0.36792823672294617,0.3685876429080963,0.4919079840183258,25.390380511053984,11.497222474740942,17.94773740218455,19.57701397232038,19.7619902796,22.658166328088793,49.57788481868762,99.38401442307692,4.540233021543827e-06,000200.mp3
-311.8573913574219,161.948486328125,1.9598302841186523,20.64876937866211,-5.5482330322265625,-12.314779281616211,-19.701980590820312,-14.929055213928223,-12.670248985290527,-15.797019958496094,-18.113216400146484,-12.64338207244873,-14.357355117797852,0.21243780851364136,0.30296072363853455,0.24306710064411163,0.22952726483345032,0.23931272327899933,0.2006979137659073,0.2266557365655899,0.11016493290662766,0.18266277015209198,0.429880291223526,0.23353521525859833,0.22769854962825775,15.337560032573297,16.25574061690773,22.563716669341645,24.385004132661148,22.8032773428806,22.353238345836974,27.412507107949377,123.046875,1.7402014691469958e-06,000203.mp3
-206.41793823242188,162.44834899902344,-13.156394958496094,12.740499496459961,0.730847954750061,14.560724258422852,-9.866459846496582,-6.118894577026367,-12.56827163696289,-11.321270942687988,-10.439760208129883,-6.785935401916504,-10.332552909851074,0.2332877665758133,0.35819390416145325,0.389527291059494,0.28033408522605896,0.20938141644001007,0.27088990807533264,0.5228898525238037,0.44329413771629333,0.32135048508644104,0.38715794682502747,0.2971603572368622,0.27910304069519043,14.11233569077352,14.1956709899396,20.18466366906764,20.852999798085957,21.494830596957037,21.019373515910413,32.630896175770495,107.666015625,-2.7726189728127792e-05,000204.mp3
-396.81243896484375,119.80620574951172,10.394895553588867,6.333297252655029,1.9160094261169434,-7.951344966888428,-8.740447998046875,-7.484613418579102,-4.775993347167969,-4.940288543701172,-4.5164594650268555,-1.9545502662658691,-1.3192558288574219,0.36138367652893066,0.2467319667339325,0.2727161645889282,0.2315959334373474,0.29292502999305725,0.25664252042770386,0.21095095574855804,0.2639901340007782,0.18562811613082886,0.2261892408132553,0.28371280431747437,0.4401455521583557,17.918196866183628,13.533378395826437,20.637049952489512,25.65888923237779,24.038393972204712,24.254637969353094,27.77715345736781,126.04801829268293,1.190622924696072e-06,000207.mp3
-155.1237335205078,167.90457153320312,-39.96029281616211,20.500843048095703,-7.009784698486328,7.0257978439331055,-9.888200759887695,-5.345871448516846,-3.5843825340270996,-6.379474639892578,-10.456493377685547,-6.682201862335205,-9.563153266906738,0.32336392998695374,0.5427038073539734,0.5298234820365906,0.3695831298828125,0.398902028799057,0.33613190054893494,0.4347497522830963,0.36098116636276245,0.36592957377433777,0.43007025122642517,0.29152044653892517,0.30658474564552307,25.287069772174622,12.952108468310168,17.871392369481747,19.42075640445635,19.29213084527525,20.696206053945264,47.178963915866504,95.703125,-8.298739544443379e-07,000210.mp3
-180.64170837402344,182.83743286132812,-36.835548400878906,13.9587984085083,0.06842149794101715,-5.79628324508667,-11.514059066772461,-8.373257637023926,-11.485199928283691,-12.368464469909668,-16.22216796875,-10.375202178955078,-9.571685791015625,0.29789042472839355,0.36966460943222046,0.5421002507209778,0.3372246026992798,0.29637405276298523,0.3652239739894867,0.5336633920669556,0.408572256565094,0.2766052782535553,0.293353408575058,0.19864903390407562,0.3334328234195709,22.23080240649816,13.149656342828981,18.81320949680259,21.5810405883977,20.742694183238275,22.232262421291665,43.449159867330174,99.38401442307692,-4.18300351157086e-06,000211.mp3
-165.8169708251953,158.7435760498047,-17.90863800048828,41.453529357910156,-13.729248046875,24.61067008972168,-7.892665863037109,-0.549602746963501,7.199326038360596,-12.725520133972168,2.1482174396514893,-8.980668067932129,2.9336535930633545,0.3540356755256653,0.40847572684288025,0.5555055737495422,0.37348249554634094,0.33584725856781006,0.3942931592464447,0.5458357334136963,0.4663294553756714,0.35180315375328064,0.3619582951068878,0.2705107629299164,0.3905555009841919,14.644271479036508,9.9744393378201,17.30498719912184,19.77624480825938,19.181173318284984,19.548354990763627,53.53053719504824,99.38401442307692,0.00013329459761735052,000212.mp3
-305.0650939941406,191.8103790283203,11.594772338867188,7.327802658081055,5.836568355560303,10.055384635925293,-12.556235313415527,-10.391507148742676,1.3965343236923218,-3.043646812438965,-4.188035488128662,-8.247922897338867,-5.76446008682251,0.25170236825942993,0.2806304395198822,0.33174213767051697,0.17090658843517303,0.12951140105724335,0.29969626665115356,0.7022567391395569,0.36151716113090515,0.38706129789352417,0.7026699185371399,0.4464908838272095,0.31902235746383667,20.622322617209097,12.358021119043634,16.63852060851625,23.950597758486335,22.688235618931333,22.53276942286523,45.89904977844231,143.5546875,2.507060344214551e-06,000213.mp3
-207.44204711914062,215.43853759765625,-23.8001708984375,20.622465133666992,-5.739409923553467,0.5898484587669373,6.398924827575684,-3.267958641052246,-2.142825126647949,-4.535315990447998,-3.603268623352051,-3.754857063293457,0.5781209468841553,0.3586408495903015,0.47478988766670227,0.5239701271057129,0.41805440187454224,0.41642996668815613,0.3627869188785553,0.4000381827354431,0.3334684669971466,0.43269646167755127,0.6833177208900452,0.5209035873413086,0.46009010076522827,19.71168876603136,9.9394982764096,14.604617200643155,17.71414634840755,17.46230062704107,17.923585214202724,48.02788976357697,123.046875,7.432147867802996e-06,000255.mp3
-33.06045913696289,158.66603088378906,-55.73684310913086,34.21552276611328,0.47294604778289795,22.197708129882812,-13.929563522338867,13.152491569519043,-5.323350429534912,12.844653129577637,-1.973446011543274,4.250260829925537,-0.12474682927131653,0.5692808032035828,0.6296959519386292,0.6611047983169556,0.6113729476928711,0.5812199115753174,0.5195291042327881,0.5527065396308899,0.580369234085083,0.5945577621459961,0.6409574747085571,0.6572738289833069,0.5808001756668091,15.76518047631199,10.117463992669359,12.010342180044367,13.847135398782882,13.80122240905964,16.89006234630876,50.91325178601495,120.18531976744185,0.00015880289720371366,000256.mp3
-301.8133850097656,146.02633666992188,23.69217872619629,52.445465087890625,-9.044938087463379,35.89719009399414,6.922000408172607,3.184990882873535,8.436798095703125,3.2776856422424316,5.111356258392334,-4.074642181396484,8.332493782043457,0.39835673570632935,0.42803865671157837,0.6165303587913513,0.6813238859176636,0.8034802079200745,0.8284023404121399,0.6438655257225037,0.4817947745323181,0.3977619409561157,0.3713241517543793,0.3654607832431793,0.38414129614830017,18.11489860214662,12.122104608031282,14.864580192944636,17.89542358105378,18.081091467604427,16.961225147978244,30.160781422492132,135.99917763157896,8.918036655813921e-07,000368.mp3
-181.3495330810547,206.16319274902344,-82.50247955322266,33.957847595214844,9.117362022399902,-10.880487442016602,-4.912725925445557,-17.062963485717773,-5.4861063957214355,-14.960090637207031,-11.306979179382324,-5.9453043937683105,-0.7110855579376221,0.3006632626056671,0.22197841107845306,0.2553936541080475,0.6905202865600586,0.714491069316864,0.40774884819984436,0.3147870600223541,0.24687820672988892,0.45275434851646423,0.3410491943359375,0.3540734350681305,0.5452740788459778,17.14806870590124,9.95504092310035,15.089765248148977,16.776171347664285,19.570771036583157,21.538969358545714,48.916046846506916,114.84375,-6.559664598171366e-07,000424.mp3
-45.263954162597656,156.16006469726562,-20.734970092773438,35.687583923339844,-4.281386852264404,29.54782485961914,-6.975566864013672,15.102325439453125,-2.51522159576416,15.831032752990723,-3.385499954223633,9.755237579345703,-4.062868118286133,0.4781474769115448,0.5394763350486755,0.8208619952201843,0.6326344609260559,0.504204511642456,0.5001801252365112,0.5687259435653687,0.5248528122901917,0.4032851457595825,0.4901010990142822,0.4609268307685852,0.6178469657897949,16.193926078660084,9.339070845715595,13.909148167093068,16.523864869493433,17.168916153209846,16.02362545322569,51.68246399609788,93.96306818181819,-4.5011885958956555e-05,000459.mp3
-307.5921325683594,174.88650512695312,26.264179229736328,53.691627502441406,23.359495162963867,-11.722921371459961,0.6102223992347717,12.565909385681152,-7.440037250518799,-15.489364624023438,0.34286269545555115,-3.351269006729126,-4.105769634246826,0.290473610162735,0.24452973902225494,0.3156801760196686,0.5256572961807251,0.3864431083202362,0.2728389799594879,0.26375460624694824,0.36826443672180176,0.4554292559623718,0.4948028326034546,0.5479294061660767,0.4124455749988556,10.94549589110125,11.785793462477303,17.8174971717635,17.639692805975937,16.51660065396734,22.536225249952007,48.182290382134724,143.5546875,7.87710177974077e-06,000534.mp3
-265.1904296875,183.25633239746094,-16.08306312561035,44.47314453125,23.184598922729492,-2.9875130653381348,-7.698611259460449,14.53718376159668,-1.538195013999939,-17.83315658569336,-7.528549671173096,-3.6647486686706543,4.088811874389648,0.25375378131866455,0.22358158230781555,0.2683998942375183,0.34363240003585815,0.25642481446266174,0.2676090896129608,0.3274785876274109,0.5519773960113525,0.7225290536880493,0.5318553447723389,0.2842335104942322,0.20987096428871155,11.183693162167025,11.291362780879169,17.783545581981876,17.505926118216518,17.56599304935329,25.074553670093476,48.38969573790629,151.99908088235293,4.729807187686674e-06,000540.mp3
-284.6142578125,189.56228637695312,-6.955662727355957,39.90320587158203,21.395360946655273,-12.273948669433594,-7.514529705047607,16.822731018066406,3.827610969543457,-15.348067283630371,-5.477474212646484,-4.2644758224487305,-1.960827112197876,0.26118478178977966,0.31121113896369934,0.3999345898628235,0.3194383978843689,0.34764569997787476,0.4784300923347473,0.5733683705329895,0.4230786859989166,0.37078210711479187,0.31535854935646057,0.25785672664642334,0.2548198997974396,10.338876870967482,11.890476613671686,16.407843343846142,17.69582581494129,17.05091993378823,28.9018492363586,47.9750022786263,103.359375,1.8417395040160045e-05,000546.mp3
-24.697071075439453,144.10671997070312,-47.56243133544922,40.745853424072266,-15.586882591247559,30.75422477722168,-21.373058319091797,5.139816761016846,-10.03325366973877,6.0815911293029785,-7.503044605255127,6.910894393920898,-3.1110920906066895,0.40138861536979675,0.4290754795074463,0.45211729407310486,0.5572680234909058,0.5220169425010681,0.44301220774650574,0.48032304644584656,0.4698812663555145,0.6098858118057251,0.49790164828300476,0.4402582049369812,0.4393053948879242,18.557342052381866,9.370940550333964,13.186441263470284,14.79974657099584,15.665841033326114,16.28601984973762,54.43124589948596,123.046875,-9.379202765558148e-07,000574.mp3
-440.1773376464844,191.0020751953125,40.747493743896484,19.23303985595703,15.596400260925293,18.193153381347656,2.2498106956481934,0.26355206966400146,-3.7240374088287354,-12.607715606689453,-12.63782787322998,-12.843426704406738,-11.021751403808594,0.20532827079296112,0.3677433729171753,0.5303821563720703,0.49172863364219666,0.34875887632369995,0.5592367053031921,0.3325573801994324,0.11997590959072113,0.16954408586025238,0.31103697419166565,0.28323978185653687,0.22154192626476288,17.309517425301394,13.98918320857222,20.393534771476933,21.213896518208763,20.24439405153995,20.3944951471622,49.436124637155466,156.60511363636363,-2.497952422686467e-08,000602.mp3
-476.62939453125,191.96873474121094,97.74440002441406,50.56782150268555,27.901142120361328,11.568375587463379,4.015721321105957,-0.506568193435669,-1.178127408027649,2.823460578918457,2.3645384311676025,2.346188545227051,-1.1778464317321777,0.1755962371826172,0.10914263874292374,0.1475060135126114,0.22996941208839417,0.2495720237493515,0.3387954831123352,0.795807957649231,0.9917089343070984,0.8758313059806824,0.6089580655097961,0.21690550446510315,0.17214234173297882,20.599713406187018,13.063523048839881,16.897572778550433,20.341672887100472,18.880073641300044,16.890158915623363,45.769724075941284,112.34714673913044,-5.275377361613209e-07,000615.mp3
-192.9084930419922,130.36508178710938,0.6720563769340515,14.701257705688477,9.926383972167969,6.146707057952881,-5.482141971588135,-3.8708810806274414,-3.780979633331299,-4.6890435218811035,-9.2801513671875,-8.305130958557129,-8.88933277130127,0.3005822002887726,0.17738962173461914,0.25713038444519043,0.19298215210437775,0.31098559498786926,0.26090171933174133,0.26816612482070923,0.4226054251194,0.563446044921875,0.7904378771781921,0.5489481091499329,0.44893980026245117,16.597215024891888,14.884413430605548,17.29053985266391,20.314633937826137,19.993740682870015,19.392039878639423,31.627638912944917,139.6748310810811,2.9130587790859863e-06,000620.mp3
-166.53024291992188,167.3855743408203,-35.6394157409668,24.95121955871582,-6.691910743713379,4.438866138458252,-2.006014823913574,-7.133936405181885,-8.223453521728516,-7.791660308837891,-15.346923828125,-5.323363780975342,-8.631989479064941,0.28145214915275574,0.1959633082151413,0.3132612705230713,0.26689502596855164,0.40627428889274597,0.2786174714565277,0.46318167448043823,0.39394208788871765,0.28643956780433655,0.29776883125305176,0.3061143457889557,0.474967360496521,23.90722104483149,12.437335126002223,18.97390882979895,23.79654686836103,21.596892148947692,21.94980568499768,51.728401375991616,103.359375,1.9271601559012197e-06,000621.mp3
-165.203369140625,164.1231689453125,-26.45029640197754,15.409460067749023,-2.175734043121338,8.514026641845703,-9.959759712219238,-0.1090664491057396,-13.380178451538086,-8.028266906738281,-9.132406234741211,-1.6727650165557861,-7.70798921585083,0.5701782703399658,0.3300011157989502,0.29482197761535645,0.2489830106496811,0.3926730751991272,0.36521080136299133,0.3468288481235504,0.45243191719055176,0.2197403460741043,0.2427716851234436,0.22514952719211578,0.3739621341228485,20.837113816042876,14.378581814508356,18.517224606233505,22.51324530329775,22.278745771666408,23.998387376216243,50.85424345211345,93.96306818181819,0.00031848787330091,000625.mp3
-179.59669494628906,222.26260375976562,-67.79409790039062,47.90894317626953,11.906298637390137,-24.638174057006836,17.87124252319336,-9.931564331054688,-0.6786515116691589,4.407858848571777,-12.388294219970703,-4.277698040008545,-8.773923873901367,0.4790920615196228,0.3823828101158142,0.47916725277900696,0.6425995826721191,0.5873395800590515,0.6173282265663147,0.39466211199760437,0.32535552978515625,0.321603000164032,0.3313289284706116,0.4430510103702545,0.3987768292427063,14.870016153915408,9.611559662592786,12.39863893622698,16.98628851948312,15.32575783975494,16.56079922345283,51.20385397253717,89.10290948275862,8.024308044696227e-05,000666.mp3
-176.96029663085938,217.24937438964844,-79.9635009765625,64.8009262084961,1.3251129388809204,-28.195220947265625,19.560470581054688,-10.959195137023926,0.5327780842781067,-0.2880772054195404,-9.350530624389648,-1.4818254709243774,-3.2849066257476807,0.4777168333530426,0.5196653604507446,0.6280233860015869,0.5923398733139038,0.6073751449584961,0.6525784134864807,0.6461763978004456,0.500144362449646,0.31102612614631653,0.30174529552459717,0.4494406580924988,0.45706477761268616,20.690135606086734,9.49185276233234,12.61832719369734,15.640953899481108,13.759369746323776,15.656679847316113,52.50764302887575,117.45383522727273,-9.6091901014006e-07,000667.mp3
-146.1252899169922,134.94432067871094,10.15893840789795,47.803890228271484,-8.454294204711914,28.615835189819336,-6.462896823883057,17.918973922729492,5.499367713928223,19.911771774291992,-17.824907302856445,7.082306385040283,-8.289514541625977,0.4770984947681427,0.32065609097480774,0.30914562940597534,0.3649081289768219,0.35704952478408813,0.3890303671360016,0.39779141545295715,0.4891362190246582,0.5162916779518127,0.5375417470932007,0.5586556792259216,0.5039739012718201,16.9167906576133,13.403939273692643,18.67916428376861,21.267927250705654,17.71558203081927,19.235256229209238,53.285368102042284,97.50884433962264,2.7398903057473945e-06,000676.mp3
-76.13101196289062,136.85513305664062,-81.27344512939453,43.5286865234375,23.280675888061523,28.758283615112305,7.862417221069336,24.067773818969727,-0.36121129989624023,14.524547576904297,5.457873821258545,0.10456438362598419,-0.4616427719593048,0.5560817122459412,0.6212577819824219,0.6019800305366516,0.5814246535301208,0.610226571559906,0.6114044785499573,0.5931560397148132,0.6015576124191284,0.6592333316802979,0.6567355394363403,0.6336320638656616,0.5900192260742188,17.971523859697445,10.327173761216045,12.00398459893341,15.590570410768814,15.345352840203399,18.701349773434433,50.968697320844534,135.99917763157896,-4.542975148069672e-05,000690.mp3
-120.56646728515625,111.87448120117188,-32.318138122558594,50.0745849609375,-20.92012596130371,37.787208557128906,-12.472193717956543,11.233293533325195,-6.236578464508057,10.249231338500977,-8.204277038574219,7.078508377075195,-1.5434885025024414,0.4611144959926605,0.4665250778198242,0.4597257375717163,0.4685456156730652,0.4681040048599243,0.5020313858985901,0.5362537503242493,0.5363554954528809,0.5067473649978638,0.5060239434242249,0.48751699924468994,0.46167805790901184,13.305075393949735,11.423788476635409,15.191603386173984,14.889937081435138,15.444631534838322,15.29178422605734,56.50004779770601,114.84375,-5.2197236072970554e-05,000694.mp3
-92.86842346191406,118.69943237304688,-39.803375244140625,37.982566833496094,-17.65506935119629,18.2950382232666,-8.133822441101074,24.6342830657959,-2.649930715560913,8.592106819152832,2.2367146015167236,6.223695755004883,3.488849639892578,0.48276638984680176,0.4487282931804657,0.47975239157676697,0.5467191934585571,0.6343314051628113,0.5237095355987549,0.42131665349006653,0.38626629114151,0.4098098576068878,0.422189861536026,0.4030151963233948,0.4602196514606476,13.411050904806544,10.666694413574106,13.97933231806485,16.478624756427983,16.337169250816167,17.912414483815198,53.58081328936339,99.38401442307692,4.930172053718707e-06,000695.mp3
-51.98140335083008,81.00314331054688,-14.357084274291992,28.62310028076172,3.812450408935547,33.0009765625,-0.21881316602230072,10.881804466247559,-3.8745851516723633,7.503488540649414,0.21732978522777557,7.346854209899902,0.3713928163051605,0.5584506392478943,0.4662574529647827,0.46639367938041687,0.45629727840423584,0.4754534661769867,0.4588180482387543,0.46136531233787537,0.5314160585403442,0.49760928750038147,0.4791649878025055,0.47225913405418396,0.5566390752792358,19.215949095443914,12.758187164845763,16.29608781689095,18.137970898173045,18.862949724526395,17.91745411333749,34.59304679150258,135.99917763157896,9.055874397745356e-05,000704.mp3
-57.39671325683594,89.33942413330078,-20.89710807800293,39.31292724609375,-11.196073532104492,27.715282440185547,1.712349534034729,19.97699546813965,1.3021396398544312,19.536243438720703,-6.095212459564209,9.92375659942627,-2.8087549209594727,0.48474571108818054,0.6026374697685242,0.6151562929153442,0.5285208225250244,0.5413936376571655,0.5036622285842896,0.527312159538269,0.4568392038345337,0.4687598943710327,0.5200676321983337,0.46890494227409363,0.5239962935447693,20.487620709414205,10.99593499452756,15.346367506886232,17.96045308310443,18.822284221730605,17.424181449351742,49.38640992080457,93.96306818181819,4.5810647861799225e-05,000705.mp3
-46.87648010253906,89.75607299804688,-11.173040390014648,53.54292678833008,-8.588550567626953,21.381078720092773,0.04980903118848801,3.119191884994507,-7.805818557739258,15.293828964233398,-2.745758056640625,11.81069278717041,2.036985158920288,0.4821830689907074,0.42652586102485657,0.3935541808605194,0.5071226358413696,0.47226861119270325,0.45984676480293274,0.3975221514701843,0.4517987072467804,0.46653634309768677,0.40682196617126465,0.3738873302936554,0.3785291314125061,20.634386332500473,12.00439139080647,16.36190879541603,17.341141039070138,17.47779485686567,18.028104837280317,43.59541605315815,172.265625,8.351164979103487e-06,000706.mp3
-109.40790557861328,104.4488754272461,-38.52227020263672,49.213191986083984,43.3446044921875,19.607873916625977,1.0913779735565186,16.320587158203125,5.0629801750183105,12.256556510925293,1.3939344882965088,1.3969906568527222,-3.7194557189941406,0.4037435054779053,0.48958033323287964,0.4963074028491974,0.5918912291526794,0.6839273571968079,0.641946017742157,0.5990899205207825,0.616602897644043,0.7340508103370667,0.6428097486495972,0.4950354993343353,0.45630642771720886,24.205042924363823,11.347169631728514,16.148531802164943,16.371566641381396,18.384286572757254,22.96600262488324,37.195085379084944,135.99917763157896,-9.051371307577938e-06,000707.mp3
-97.6234130859375,105.92195129394531,4.910518646240234,52.17464828491211,16.41179084777832,16.936203002929688,-9.355581283569336,7.622687339782715,2.7241809368133545,11.920907020568848,-3.669257640838623,-0.1818820685148239,-3.126909017562866,0.6102728247642517,0.5997820496559143,0.6220787763595581,0.46383705735206604,0.412426620721817,0.39165955781936646,0.4652698040008545,0.5288577079772949,0.535092830657959,0.5143128037452698,0.5123637318611145,0.5826668739318848,18.57191601865432,11.338159556713599,14.762653556707393,16.58400931385534,19.907612580538,18.16738230966799,32.984565466779706,129.19921875,2.5018258384079672e-05,000708.mp3
-119.7184829711914,139.53196716308594,-25.82937240600586,45.14563751220703,-15.749791145324707,20.771337509155273,-8.061834335327148,2.330000400543213,-7.911635875701904,7.598147392272949,-1.8310184478759766,4.462339401245117,7.3817458152771,0.403870165348053,0.383304625749588,0.45625489950180054,0.5226097106933594,0.38590511679649353,0.3699299693107605,0.4060536026954651,0.5296026468276978,0.4064628779888153,0.30793413519859314,0.3147130012512207,0.33158931136131287,18.27635021989834,11.323487109540942,18.142642711956988,20.311806505524018,18.83599188528443,18.309352674450928,48.82914030472228,90.66611842105263,-1.111335677705938e-05,000709.mp3
-169.7619171142578,173.0908203125,-7.360642910003662,46.85599899291992,23.391756057739258,12.49059772491455,-12.684809684753418,14.415729522705078,2.0812034606933594,-8.000304222106934,6.17501974105835,1.476693034172058,8.286175727844238,0.45891526341438293,0.537322998046875,0.5822213292121887,0.6587963104248047,0.5525035858154297,0.36949318647384644,0.2701883316040039,0.28278684616088867,0.4033615291118622,0.5317937135696411,0.6658697724342346,0.5261398553848267,25.348552977608986,12.231080291054097,16.703797358646828,20.576651426174863,20.441355083033486,22.6171618572344,50.73078481914578,161.4990234375,-6.085244876885554e-06,000714.mp3
-265.20184326171875,206.65892028808594,31.245086669921875,-2.6773548126220703,-4.746891975402832,-7.688037872314453,-3.0609099864959717,-8.215109825134277,-1.0426318645477295,1.7072161436080933,-9.570699691772461,-7.615573406219482,-0.1860613226890564,0.14719267189502716,0.05250442773103714,0.03979971259832382,0.062409162521362305,0.10333608835935593,0.2873009145259857,0.37514621019363403,0.18293099105358124,0.35291430354118347,0.6785503029823303,0.3150951862335205,0.33448219299316406,23.369657447746103,10.014009618444273,19.96288619387759,22.24437192886505,18.345869689843767,19.510290931444036,46.744867891911284,92.28515625,4.672477018630161e-07,000715.mp3
-170.7140350341797,216.1616973876953,-32.57130432128906,23.536075592041016,17.9700984954834,-11.16721248626709,-16.10407829284668,10.661039352416992,-4.674618721008301,6.196524620056152,-13.946324348449707,-13.58759593963623,-19.21477508544922,0.7282136678695679,0.4144948124885559,0.408843457698822,0.46493712067604065,0.25141072273254395,0.19130189716815948,0.2229752093553543,0.42699936032295227,0.31253936886787415,0.2830387055873871,0.3636249601840973,0.4215807020664215,25.363547388280196,10.235320212497735,16.26252236827632,20.145211964076484,20.07344747757259,25.458086985599678,44.960183003165156,139.6748310810811,7.382287208201888e-07,000716.mp3
-151.6335906982422,128.53085327148438,-59.24471664428711,59.90721893310547,-41.0473518371582,-2.448885440826416,-27.35582160949707,-7.244839668273926,1.0298099517822266,-4.601979732513428,-15.492115020751953,-14.914719581604004,-12.326560974121094,0.2547871172428131,0.23702852427959442,0.20613883435726166,0.1874837726354599,0.1994713842868805,0.2465355396270752,0.375826895236969,0.43553417921066284,0.42878398299217224,0.4788745641708374,0.5489321947097778,0.4150673449039459,21.880757736787693,17.70538137672285,19.345570626585644,20.78845644820343,15.545847917270422,15.03605643292234,57.01723281881939,109.95678191489361,-1.2876723758381559e-06,000718.mp3
-214.80738830566406,113.7884750366211,-7.786788463592529,43.18973159790039,-3.412346839904785,21.91558837890625,9.191228866577148,18.36053466796875,-9.51828384399414,15.113286972045898,-7.6611433029174805,8.065052032470703,0.2561911642551422,0.4569889307022095,0.45948973298072815,0.565163254737854,0.5669276714324951,0.5250565409660339,0.553058385848999,0.5277498364448547,0.5622630715370178,0.5743393301963806,0.5577651262283325,0.5247625708580017,0.4735473394393921,17.0212881260275,11.082618778319794,13.625339349845964,16.944825308062043,15.316897944060257,15.48617321004481,56.06050536404157,109.95678191489361,2.0686915377154946e-05,000777.mp3
-295.7072448730469,195.9860382080078,21.378726959228516,18.887977600097656,19.258066177368164,6.455564498901367,-13.572840690612793,-2.0398108959198,-4.567529678344727,-9.00141716003418,-2.8090150356292725,-10.706714630126953,-2.982083559036255,0.28006768226623535,0.408010333776474,0.3115841746330261,0.2783597409725189,0.26390132308006287,0.2058691531419754,0.32098451256752014,0.2595808506011963,0.29104650020599365,0.30486029386520386,0.3206162452697754,0.3199199438095093,24.50123886691878,15.29759661811469,20.65347825332573,20.75615398146718,20.56738807571571,22.606782726427234,32.36146237778102,82.03125,1.298175902775256e-06,000814.mp3
-305.8827819824219,113.01307678222656,33.4832878112793,35.68986511230469,22.76536750793457,19.7321720123291,3.9583702087402344,14.724078178405762,7.95418643951416,7.6689677238464355,7.095914840698242,11.158503532409668,3.7248775959014893,0.6330022215843201,0.5802775025367737,0.591353178024292,0.6461877822875977,0.6969380974769592,0.6783863306045532,0.5995274782180786,0.5359301567077637,0.5507691502571106,0.5757359862327576,0.6341801881790161,0.6727102994918823,20.914046689161495,13.67157293157442,16.055297454257445,16.54246088918318,15.925468940824356,18.385797742646385,41.57318268252668,105.46875,-6.509344075311674e-06,000821.mp3
-232.6392364501953,163.76329040527344,26.679636001586914,17.261734008789062,8.095247268676758,9.551324844360352,0.6637651324272156,18.680574417114258,5.612630844116211,6.007969856262207,3.4702837467193604,8.236834526062012,1.116947889328003,0.5918309688568115,0.5275045037269592,0.5264951586723328,0.5040410757064819,0.519730269908905,0.6426793932914734,0.5163950324058533,0.4549468457698822,0.46868789196014404,0.5553550124168396,0.6840837597846985,0.6245710253715515,15.522857476470774,9.995842329983608,14.16436593874459,18.631548301695663,17.95803951432357,19.15861190585172,45.84730732037198,60.09265988372093,1.5235975297400728e-05,000822.mp3
-12.468521118164062,210.65419006347656,-98.20378875732422,62.438385009765625,-14.224420547485352,9.999847412109375,5.972309112548828,-16.748435974121094,13.11998176574707,-19.490705490112305,4.042109966278076,-5.464603900909424,-5.525123119354248,0.44338518381118774,0.4617595076560974,0.6482142210006714,0.6153813004493713,0.43387264013290405,0.4338494837284088,0.5580137968063354,0.6275185346603394,0.5631043910980225,0.6628527045249939,0.6170894503593445,0.4178606867790222,16.96966401713555,9.138256464543186,11.86711837681887,12.998317450492396,16.02783639666661,18.357811306533225,54.09429021909064,166.70866935483872,-1.967182697626413e-06,000825.mp3
-198.3949737548828,215.57626342773438,-39.41035079956055,6.6241679191589355,7.760712146759033,-21.665325164794922,4.639003753662109,-12.717453002929688,-16.558372497558594,-1.5802462100982666,-13.79765796661377,-11.133358001708984,-2.0427656173706055,0.19830383360385895,0.14795982837677002,0.20911158621311188,0.4152068495750427,0.31293854117393494,0.4303421378135681,0.2515846788883209,0.1711599975824356,0.24444454908370972,0.3150935471057892,0.39796683192253113,0.21465256810188293,27.878509371223107,11.662657646086346,17.799804490223607,19.895747380740683,20.494474815958558,19.589623753001725,46.70779363179417,156.60511363636363,3.6084892940380087e-07,000853.mp3
-366.49859619140625,215.3946533203125,-35.00516128540039,43.491371154785156,0.30186787247657776,-6.646326065063477,1.9063855409622192,-9.29700756072998,-3.028794527053833,-1.548592448234558,-3.8398587703704834,1.056336522102356,-0.5929824709892273,0.39989998936653137,0.243223637342453,0.34130942821502686,0.48462390899658203,0.5287826657295227,0.430674284696579,0.679813802242279,0.31295618414878845,0.26535144448280334,0.4574016332626343,0.49937519431114197,0.6560196876525879,16.4095721892712,10.681313192223355,15.258889617904131,18.42184972223106,19.15846677972685,22.801217589412435,49.079568706906365,123.046875,-2.4405112526437733e-06,000890.mp3
-161.30538940429688,222.8392791748047,-21.480173110961914,19.651424407958984,-2.590226173400879,0.114676833152771,8.165672302246094,0.6256977319717407,-1.289645791053772,0.649804949760437,-1.6256431341171265,-7.493155002593994,-5.709583282470703,0.27443814277648926,0.37677493691444397,0.5349743962287903,0.35478994250297546,0.3157348036766052,0.3193579912185669,0.4442611336708069,0.5687909126281738,0.4752756655216217,0.494396835565567,0.34689685702323914,0.3011557161808014,23.051278821791865,13.137293666196939,16.749395504671387,18.78259689763148,20.74644546843053,19.913032301904448,48.341161910640174,172.265625,6.129877874627709e-06,000892.mp3
-22.823543548583984,82.80569458007812,-80.61759185791016,59.75714111328125,-30.834449768066406,34.39278030395508,-19.19379997253418,32.36246871948242,-14.191481590270996,23.839664459228516,-8.699180603027344,14.693521499633789,-6.8982391357421875,0.7208003997802734,0.5079014301300049,0.41320890188217163,0.4812135696411133,0.3997279405593872,0.4772634208202362,0.42549648880958557,0.5572860836982727,0.6316936016082764,0.39198026061058044,0.3995802402496338,0.4382089376449585,13.618783356784485,9.633643312828436,12.591845859967414,15.437521186759176,15.280253106615895,16.41436880281182,57.91767483766422,139.6748310810811,4.566912593872985e-06,000897.mp3
-94.23233032226562,113.62971496582031,-41.55947494506836,75.15007019042969,18.210195541381836,26.702880859375,-13.653716087341309,10.326043128967285,-10.36160659790039,21.46529197692871,-9.761481285095215,12.468503952026367,2.9495437145233154,0.709327757358551,0.6578133702278137,0.6253503561019897,0.5610861778259277,0.5174816250801086,0.5177943706512451,0.5084577798843384,0.5632388591766357,0.6360929012298584,0.6012986898422241,0.601783275604248,0.6596857905387878,14.664355386786433,11.310285035460575,15.250789671801863,15.895255473695912,16.36947406500238,16.94833108201871,55.9496659300366,129.19921875,-1.6845742720761336e-05,000993.mp3
53.21186447143555,130.34197998046875,-53.05290222167969,27.660646438598633,-18.852218627929688,9.18021011352539,-5.739881992340088,11.754631996154785,-1.3519980907440186,7.578944206237793,-5.485352039337158,3.860814332962036,-7.469551086425781,0.6974433064460754,0.6822205185890198,0.6665042042732239,0.6428176164627075,0.6205793619155884,0.6106256246566772,0.6055477857589722,0.6210784316062927,0.6446313858032227,0.6710113286972046,0.6931944489479065,0.7032396793365479,16.996801762780024,7.8338975117651675,10.175310022158069,12.725899340452989,12.66955396816298,14.585397193630177,50.47034341827269,117.45383522727273,-1.6170598655662616e-06,000995.mp3
29.128257751464844,110.38006591796875,-73.50147247314453,38.84784698486328,-15.574573516845703,27.44807243347168,-7.875388145446777,20.215097427368164,-6.439673900604248,23.467599868774414,-0.3479478061199188,14.502758979797363,-6.728786945343018,0.7435022592544556,0.6827675104141235,0.579836368560791,0.530898928642273,0.5187621116638184,0.5088459849357605,0.5207332968711853,0.5732823014259338,0.6445913910865784,0.7165391445159912,0.6785997152328491,0.7285802960395813,15.121253104555668,7.86765040311514,10.275121050252343,13.138004143470193,13.448155888814403,14.352558693431643,54.33219472357264,143.5546875,-1.170664563687751e-05,000997.mp3
75.86298370361328,86.97966766357422,-9.76370620727539,11.32861328125,-9.220518112182617,3.425368309020996,-0.20893076062202454,7.942035675048828,3.1716458797454834,4.447864532470703,-0.14634044468402863,1.4453175067901611,-1.3901063203811646,0.6335617303848267,0.6493719220161438,0.5913183093070984,0.6200641393661499,0.6375166177749634,0.6074323058128357,0.5907689332962036,0.6007729768753052,0.5927865505218506,0.5864627957344055,0.6225097179412842,0.6260203719139099,9.850301459047166,8.084623247512079,10.747660687429661,13.180551620374201,12.94277870592933,13.83318328040551,18.78710173606593,132.51201923076923,0.000371278467355296,000998.mp3
